symbol,sector
RELIANCE,Energy
ONGC,Energy
BPCL,Energy
IOC,Energy
GAIL,Energy
PETRONET,Energy
ADANIENSOL,Energy
NTPC,Power
POWERGRID,Power
TATAPOWER,Power
NHPC,Power
SJVN,Power
ADANIPOWER,Power
ADANIGREEN,Power
TCS,IT
INFY,IT
HCLTECH,IT
WIPRO,IT
TECHM,IT
LTIM,IT
PERSISTENT,IT
COFORGE,IT
MPHASIS,IT
LTTS,IT
KPITTECH,IT
TATAELXSI,IT
CYIENT,IT
OFSS,IT
HDFCBANK,Banking
ICICIBANK,Banking
SBIN,Banking
KOTAKBANK,Banking
AXISBANK,Banking
INDUSINDBK,Banking
BANKBARODA,Banking
PNB,Banking
CANBK,Banking
IDFCFIRSTB,Banking
FEDERALBNK,Banking
AUBANK,Banking
BANDHANBNK,Banking
RBLBANK,Banking
INDIANB,Banking
UNIONBANK,Banking
YESBANK,Banking
BAJFINANCE,NBFC/Finance
BAJAJFINSV,NBFC/Finance
SHRIRAMFIN,NBFC/Finance
CHOLAFIN,NBFC/Finance
MUTHOOTFIN,NBFC/Finance
LTF,NBFC/Finance
SBICARD,NBFC/Finance
PFC,NBFC/Finance
RECLTD,NBFC/Finance
IRFC,NBFC/Finance
ABCAPITAL,NBFC/Finance
M&MFIN,NBFC/Finance
LICI,Insurance
SBILIFE,Insurance
HDFCLIFE,Insurance
ICICIPRULI,Insurance
ICICIGI,Insurance
MFSL,Insurance
SUNPHARMA,Pharma
DRREDDY,Pharma
CIPLA,Pharma
DIVISLAB,Pharma
TORNTPHARM,Pharma
LUPIN,Pharma
AUROPHARMA,Pharma
ALKEM,Pharma
ZYDUSLIFE,Pharma
BIOCON,Pharma
GLAND,Pharma
LAURUSLABS,Pharma
IPCALAB,Pharma
GLENMARK,Pharma
NATCOPHARM,Pharma
ABBOTINDIA,Pharma
GRANULES,Pharma
HONASA,Consumer
HINDUNILVR,Consumer
ITC,Consumer
NESTLEIND,Consumer
BRITANNIA,Consumer
DABUR,Consumer
GODREJCP,Consumer
MARICO,Consumer
COLPAL,Consumer
TATACONSUM,Consumer
VBL,Consumer
UBL,Consumer
RADICO,Consumer
EMAMILTD,Consumer
JUBLFOOD,Consumer
DEVYANI,Consumer
WESTLIFE,Consumer
PATANJALI,Consumer
GILLETTE,Consumer
MARUTI,Auto
TATAMOTORS,Auto
M&M,Auto
BAJAJ-AUTO,Auto
EICHERMOT,Auto
HEROMOTOCO,Auto
TVSMOTOR,Auto
ASHOKLEY,Auto
MOTHERSON,Auto
BALKRISIND,Auto
MRF,Auto
APOLLOTYRE,Auto
CEATLTD,Auto
BOSCHLTD,Auto
EXIDEIND,Auto
TATASTEEL,Metals
JSWSTEEL,Metals
HINDALCO,Metals
VEDL,Metals
JINDALSTEL,Metals
SAIL,Metals
NMDC,Metals
HINDZINC,Metals
NATIONALUM,Metals
JSL,Metals
JSWENERGY,Metals
COALINDIA,Metals
GMDCLTD,Metals
LT,Infrastructure
ADANIPORTS,Infrastructure
GMRAIRPORT,Infrastructure
IRB,Infrastructure
NCC,Infrastructure
NBCC,Infrastructure
RVNL,Infrastructure
IRCON,Infrastructure
RITES,Infrastructure
KNRCON,Infrastructure
PNCINFRA,Infrastructure
CONCOR,Infrastructure
UNITDSPR,Infrastructure
ULTRACEMCO,Cement
SHREECEM,Cement
AMBUJACEM,Cement
GRASIM,Cement
DLF,Realty
GODREJPROP,Realty
OBEROIRLTY,Realty
PRESTIGE,Realty
BRIGADE,Realty
LODHA,Realty
PHOENIXLTD,Realty
BHARTIARTL,Telecom
IDEA,Telecom
INDUSTOWER,Telecom
ASIANPAINT,Chemicals
BERGEPAINT,Chemicals
PIDILITIND,Chemicals
SRF,Chemicals
UPL,Chemicals
PIIND,Chemicals
DEEPAKNTR,Chemicals
AARTIIND,Chemicals
NAVINFLUOR,Chemicals
GNFC,Chemicals
CHAMBLFERT,Chemicals
SOLARINDS,Chemicals
GUJGASLTD,Chemicals
GSPL,Chemicals
IGL,Chemicals
MGL,Chemicals
TITAN,ConsumerDurables
HAVELLS,ConsumerDurables
VOLTAS,ConsumerDurables
CROMPTON,ConsumerDurables
BLUESTARCO,ConsumerDurables
DIXON,ConsumerDurables
POLYCAB,ConsumerDurables
KEI,ConsumerDurables
ASTRAL,ConsumerDurables
SUPREMEIND,ConsumerDurables
WHIRLPOOL,ConsumerDurables
TIMKEN,Industrials
SIEMENS,Industrials
ABB,Industrials
THERMAX,Industrials
CUMMINSIND,Industrials
BHARATFORG,Industrials
BHEL,Industrials
BEML,Industrials
HAL,Industrials
MAZDOCK,Industrials
COCHINSHIP,Industrials
GRSE,Industrials
BEL,Industrials
TITAGARH,Industrials
SUZLON,Industrials
GVT&D,Industrials
CGPOWER,Industrials
INDIAMART,Media/Internet
ZOMATO,Media/Internet
NYKAA,Media/Internet
PAYTM,Media/Internet
POLICYBZR,Media/Internet
IRCTC,Media/Internet
NAUKRI,Media/Internet
SUNTV,Media/Internet
ZEEL,Media/Internet
PVRINOX,Media/Internet
SAREGAMA,Media/Internet
NETWORK18,Media/Internet
CDSL,Financial Services
BSE,Financial Services
MOTILALOFS,Financial Services
ANGELONE,Financial Services
CGCL,Financial Services
J&KBANK,Banking
KIRLOSENG,Industrials
ZENSARTECH,IT
ELECON,Industrials
ANANTRAJ,Realty
ARE&M,Metals
GPIL,Metals
TATACAP,NBFC/Finance
KALYANKJIL,ConsumerDurables
TMPV,Auto
ABFRL,Consumer
AADHARHFC,NBFC/Finance
AAVAS,NBFC/Finance
ABDL,Consumer
ABLBL,Pharma
ABSLAMC,Financial Services
ACMESOLAR,Power
ACUTAAS,Chemicals
360ONE,Financial Services
APLAPOLLO,Metals
GODFRYPHLP,Consumer
INDIANHOTL,Consumer
TATAINVEST,NBFC/Finance
KALYANJIL,ConsumerDurables
TATATECH,IT
AIIL,Chemicals
SAPPHIRE,Consumer
EMCURE,Pharma
ASTERDM,Pharma
HUDCO,NBFC/Finance
