symbol,status,overall_score,reasons,entry_price,buy_zone_low,buy_zone_high,stop_loss,target_price,risk_per_share,reward_risk_ratio,quantity,order_value,max_holding_days,trail_stop_trigger_price
LAURUSLABS,False,116.95,market regime filter: Nifty 50 is below its 200-day average — no new entries tonight; fails ★ Recommended fundamental filter,,,,,,,,,,,
PAYTM,False,114.49,market regime filter: Nifty 50 is below its 200-day average — no new entries tonight; fails ★ Recommended fundamental filter; volume surge 0.64x < 1.5x,,,,,,,,,,,
DIVISLAB,False,111.17,market regime filter: Nifty 50 is below its 200-day average — no new entries tonight; fails ★ Recommended fundamental filter; volume surge 1.06x < 1.5x,,,,,,,,,,,
RADICO,False,111.17,market regime filter: Nifty 50 is below its 200-day average — no new entries tonight; fails ★ Recommended fundamental filter; volume surge 0.68x < 1.5x,,,,,,,,,,,
LENSKART,False,111.02,market regime filter: Nifty 50 is below its 200-day average — no new entries tonight; fails ★ Recommended fundamental filter; volume surge 1.42x < 1.5x,,,,,,,,,,,
MCX,False,110.53,market regime filter: Nifty 50 is below its 200-day average — no new entries tonight; fails ★ Recommended fundamental filter; volume surge 0.72x < 1.5x,,,,,,,,,,,
BOSCHLTD,False,110.29,market regime filter: Nifty 50 is below its 200-day average — no new entries tonight; fails ★ Recommended fundamental filter; volume surge 0.60x < 1.5x,,,,,,,,,,,
KALYANKJIL,False,110.01,market regime filter: Nifty 50 is below its 200-day average — no new entries tonight; fails ★ Recommended fundamental filter; volume surge 1.04x < 1.5x,,,,,,,,,,,
SOLARINDS,False,109.97,market regime filter: Nifty 50 is below its 200-day average — no new entries tonight; fails ★ Recommended fundamental filter; volume surge 1.32x < 1.5x,,,,,,,,,,,
TVSMOTOR,False,109.32,market regime filter: Nifty 50 is below its 200-day average — no new entries tonight; fails ★ Recommended fundamental filter; volume surge 0.92x < 1.5x,,,,,,,,,,,
COFORGE,False,108.96,market regime filter: Nifty 50 is below its 200-day average — no new entries tonight; fails ★ Recommended fundamental filter; volume surge 0.87x < 1.5x,,,,,,,,,,,
BHEL,False,108.36,market regime filter: Nifty 50 is below its 200-day average — no new entries tonight; fails ★ Recommended fundamental filter,,,,,,,,,,,
OFSS,False,108.04,market regime filter: Nifty 50 is below its 200-day average — no new entries tonight; fails ★ Recommended fundamental filter; volume surge 1.46x < 1.5x,,,,,,,,,,,
TITAN,False,107.98,market regime filter: Nifty 50 is below its 200-day average — no new entries tonight; fails ★ Recommended fundamental filter; volume surge 1.25x < 1.5x,,,,,,,,,,,
NYKAA,False,107.91,market regime filter: Nifty 50 is below its 200-day average — no new entries tonight; fails ★ Recommended fundamental filter; volume surge 0.23x < 1.5x,,,,,,,,,,,
MOTILALOFS,False,107.75,market regime filter: Nifty 50 is below its 200-day average — no new entries tonight; fails ★ Recommended fundamental filter,,,,,,,,,,,
IDEA,False,107.55,market regime filter: Nifty 50 is below its 200-day average — no new entries tonight; fails ★ Recommended fundamental filter; volume surge 1.05x < 1.5x,,,,,,,,,,,
MOTHERSON,False,106.78,market regime filter: Nifty 50 is below its 200-day average — no new entries tonight; fails ★ Recommended fundamental filter; volume surge 0.59x < 1.5x,,,,,,,,,,,
ETERNAL,False,106.66,market regime filter: Nifty 50 is below its 200-day average — no new entries tonight; fails ★ Recommended fundamental filter; volume surge 1.38x < 1.5x,,,,,,,,,,,
ABCAPITAL,False,106.52,market regime filter: Nifty 50 is below its 200-day average — no new entries tonight; fails ★ Recommended fundamental filter; volume surge 0.39x < 1.5x,,,,,,,,,,,
LTF,False,106.44,market regime filter: Nifty 50 is below its 200-day average — no new entries tonight; fails ★ Recommended fundamental filter; score below top 10% cutoff; volume surge 0.75x < 1.5x,,,,,,,,,,,
APLAPOLLO,False,106.25,market regime filter: Nifty 50 is below its 200-day average — no new entries tonight; fails ★ Recommended fundamental filter; score below top 10% cutoff; volume surge 0.81x < 1.5x,,,,,,,,,,,
TMCV,False,106.14,market regime filter: Nifty 50 is below its 200-day average — no new entries tonight; fails ★ Recommended fundamental filter; score below top 10% cutoff; volume surge 1.09x < 1.5x,,,,,,,,,,,
AUBANK,False,106.11,market regime filter: Nifty 50 is below its 200-day average — no new entries tonight; fails ★ Recommended fundamental filter; score below top 10% cutoff; volume surge 0.35x < 1.5x,,,,,,,,,,,
ADANIENSOL,False,105.74,market regime filter: Nifty 50 is below its 200-day average — no new entries tonight; fails ★ Recommended fundamental filter; score below top 10% cutoff,,,,,,,,,,,
TORNTPHARM,False,105.73,market regime filter: Nifty 50 is below its 200-day average — no new entries tonight; fails ★ Recommended fundamental filter; score below top 10% cutoff; volume surge 0.72x < 1.5x,,,,,,,,,,,
HYUNDAI,False,105.68,market regime filter: Nifty 50 is below its 200-day average — no new entries tonight; fails ★ Recommended fundamental filter; score below top 10% cutoff; volume surge 0.98x < 1.5x,,,,,,,,,,,
ASHOKLEY,False,105.62,market regime filter: Nifty 50 is below its 200-day average — no new entries tonight; fails ★ Recommended fundamental filter; score below top 10% cutoff; volume surge 0.71x < 1.5x,,,,,,,,,,,
SHRIRAMFIN,False,105.62,market regime filter: Nifty 50 is below its 200-day average — no new entries tonight; fails ★ Recommended fundamental filter; score below top 10% cutoff; price below SMA20; volume surge 1.05x < 1.5x,,,,,,,,,,,
FEDERALBNK,False,105.6,market regime filter: Nifty 50 is below its 200-day average — no new entries tonight; fails ★ Recommended fundamental filter; score below top 10% cutoff; price below SMA20; volume surge 0.95x < 1.5x,,,,,,,,,,,
POLICYBZR,False,105.51,market regime filter: Nifty 50 is below its 200-day average — no new entries tonight; fails ★ Recommended fundamental filter; score below top 10% cutoff,,,,,,,,,,,
ZYDUSLIFE,False,105.48,market regime filter: Nifty 50 is below its 200-day average — no new entries tonight; fails ★ Recommended fundamental filter; score below top 10% cutoff,,,,,,,,,,,
DIXON,False,105.48,market regime filter: Nifty 50 is below its 200-day average — no new entries tonight; fails ★ Recommended fundamental filter; score below top 10% cutoff; volume surge 0.69x < 1.5x,,,,,,,,,,,
GLENMARK,False,105.47,market regime filter: Nifty 50 is below its 200-day average — no new entries tonight; fails ★ Recommended fundamental filter; score below top 10% cutoff; volume surge 0.94x < 1.5x,,,,,,,,,,,
BAJFINANCE,False,105.42,market regime filter: Nifty 50 is below its 200-day average — no new entries tonight; fails ★ Recommended fundamental filter; score below top 10% cutoff; price below SMA20; volume surge 0.68x < 1.5x,,,,,,,,,,,
NAUKRI,False,105.25,market regime filter: Nifty 50 is below its 200-day average — no new entries tonight; fails ★ Recommended fundamental filter; score below top 10% cutoff; volume surge 0.51x < 1.5x,,,,,,,,,,,
KEI,False,105.19,market regime filter: Nifty 50 is below its 200-day average — no new entries tonight; fails ★ Recommended fundamental filter; score below top 10% cutoff; price below SMA20; volume surge 0.40x < 1.5x,,,,,,,,,,,
EICHERMOT,False,105.12,market regime filter: Nifty 50 is below its 200-day average — no new entries tonight; fails ★ Recommended fundamental filter; score below top 10% cutoff; volume surge 0.44x < 1.5x,,,,,,,,,,,
SAIL,False,105.0,market regime filter: Nifty 50 is below its 200-day average — no new entries tonight; fails ★ Recommended fundamental filter; score below top 10% cutoff,,,,,,,,,,,
TATACAP,False,104.99,market regime filter: Nifty 50 is below its 200-day average — no new entries tonight; fails ★ Recommended fundamental filter; score below top 10% cutoff; volume surge 0.92x < 1.5x,,,,,,,,,,,
UNIONBANK,False,104.91,market regime filter: Nifty 50 is below its 200-day average — no new entries tonight; fails ★ Recommended fundamental filter; score below top 10% cutoff; volume surge 0.61x < 1.5x,,,,,,,,,,,
AUROPHARMA,False,104.9,market regime filter: Nifty 50 is below its 200-day average — no new entries tonight; fails ★ Recommended fundamental filter; score below top 10% cutoff; volume surge 0.72x < 1.5x,,,,,,,,,,,
CHOLAFIN,False,104.88,market regime filter: Nifty 50 is below its 200-day average — no new entries tonight; fails ★ Recommended fundamental filter; score below top 10% cutoff; price below SMA20; volume surge 0.79x < 1.5x,,,,,,,,,,,
HAL,False,104.71,market regime filter: Nifty 50 is below its 200-day average — no new entries tonight; fails ★ Recommended fundamental filter; score below top 10% cutoff; volume surge 0.31x < 1.5x,,,,,,,,,,,
NATIONALUM,False,104.69,market regime filter: Nifty 50 is below its 200-day average — no new entries tonight; fails ★ Recommended fundamental filter; score below top 10% cutoff; volume surge 0.33x < 1.5x,,,,,,,,,,,
M&MFIN,False,104.45,market regime filter: Nifty 50 is below its 200-day average — no new entries tonight; fails ★ Recommended fundamental filter; score below top 10% cutoff; price below SMA20; volume surge 0.54x < 1.5x,,,,,,,,,,,
MAZDOCK,False,104.4,market regime filter: Nifty 50 is below its 200-day average — no new entries tonight; fails ★ Recommended fundamental filter; score below top 10% cutoff; volume surge 0.50x < 1.5x,,,,,,,,,,,
SIEMENS,False,104.34,market regime filter: Nifty 50 is below its 200-day average — no new entries tonight; fails ★ Recommended fundamental filter; score below top 10% cutoff; volume surge 0.98x < 1.5x,,,,,,,,,,,
BAJAJ-AUTO,False,104.28,market regime filter: Nifty 50 is below its 200-day average — no new entries tonight; fails ★ Recommended fundamental filter; score below top 10% cutoff; volume surge 0.73x < 1.5x,,,,,,,,,,,
JSWSTEEL,False,104.26,market regime filter: Nifty 50 is below its 200-day average — no new entries tonight; fails ★ Recommended fundamental filter; score below top 10% cutoff; volume surge 1.13x < 1.5x,,,,,,,,,,,
HEROMOTOCO,False,104.2,market regime filter: Nifty 50 is below its 200-day average — no new entries tonight; fails ★ Recommended fundamental filter; score below top 10% cutoff; price below SMA20; volume surge 0.64x < 1.5x,,,,,,,,,,,
ADANIENT,False,104.13,market regime filter: Nifty 50 is below its 200-day average — no new entries tonight; fails ★ Recommended fundamental filter; score below top 10% cutoff,,,,,,,,,,,
KOTAKBANK,False,104.11,market regime filter: Nifty 50 is below its 200-day average — no new entries tonight; fails ★ Recommended fundamental filter; score below top 10% cutoff,,,,,,,,,,,
GRASIM,False,104.02,market regime filter: Nifty 50 is below its 200-day average — no new entries tonight; fails ★ Recommended fundamental filter; score below top 10% cutoff; volume surge 1.01x < 1.5x,,,,,,,,,,,
INDIANB,False,104.01,market regime filter: Nifty 50 is below its 200-day average — no new entries tonight; fails ★ Recommended fundamental filter; score below top 10% cutoff; volume surge 0.74x < 1.5x,,,,,,,,,,,
IDFCFIRSTB,False,103.93,market regime filter: Nifty 50 is below its 200-day average — no new entries tonight; fails ★ Recommended fundamental filter; score below top 10% cutoff; price below SMA20; volume surge 0.88x < 1.5x,,,,,,,,,,,
HINDALCO,False,103.89,market regime filter: Nifty 50 is below its 200-day average — no new entries tonight; fails ★ Recommended fundamental filter; score below top 10% cutoff; price below SMA20; volume surge 0.76x < 1.5x,,,,,,,,,,,
LGEINDIA,False,103.88,market regime filter: Nifty 50 is below its 200-day average — no new entries tonight; fails ★ Recommended fundamental filter; score below top 10% cutoff; volume surge 0.88x < 1.5x,,,,,,,,,,,
ABB,False,103.8,market regime filter: Nifty 50 is below its 200-day average — no new entries tonight; fails ★ Recommended fundamental filter; score below top 10% cutoff; volume surge 0.73x < 1.5x,,,,,,,,,,,
UNITDSPR,False,103.79,market regime filter: Nifty 50 is below its 200-day average — no new entries tonight; fails ★ Recommended fundamental filter; score below top 10% cutoff; volume surge 1.08x < 1.5x,,,,,,,,,,,
LODHA,False,103.76,market regime filter: Nifty 50 is below its 200-day average — no new entries tonight; fails ★ Recommended fundamental filter; score below top 10% cutoff; volume surge 0.60x < 1.5x,,,,,,,,,,,
VEDL,False,103.54,market regime filter: Nifty 50 is below its 200-day average — no new entries tonight; fails ★ Recommended fundamental filter; score below top 10% cutoff; volume surge 0.98x < 1.5x,,,,,,,,,,,
BDL,False,103.5,market regime filter: Nifty 50 is below its 200-day average — no new entries tonight; fails ★ Recommended fundamental filter; score below top 10% cutoff; volume surge 0.79x < 1.5x,,,,,,,,,,,
JUBLFOOD,False,103.48,market regime filter: Nifty 50 is below its 200-day average — no new entries tonight; fails ★ Recommended fundamental filter; score below top 10% cutoff; volume surge 0.62x < 1.5x,,,,,,,,,,,
HINDZINC,False,103.38,market regime filter: Nifty 50 is below its 200-day average — no new entries tonight; fails ★ Recommended fundamental filter; score below top 10% cutoff; volume surge 0.67x < 1.5x,,,,,,,,,,,
ICICIBANK,False,103.33,market regime filter: Nifty 50 is below its 200-day average — no new entries tonight; fails ★ Recommended fundamental filter; score below top 10% cutoff; volume surge 1.25x < 1.5x,,,,,,,,,,,
EXIDEIND,False,103.29,market regime filter: Nifty 50 is below its 200-day average — no new entries tonight; fails ★ Recommended fundamental filter; score below top 10% cutoff; price below SMA20; volume surge 0.56x < 1.5x,,,,,,,,,,,
APOLLOHOSP,False,103.22,market regime filter: Nifty 50 is below its 200-day average — no new entries tonight; fails ★ Recommended fundamental filter; score below top 10% cutoff; price below SMA20; volume surge 0.66x < 1.5x,,,,,,,,,,,
BAJAJHLDNG,False,103.14,market regime filter: Nifty 50 is below its 200-day average — no new entries tonight; fails ★ Recommended fundamental filter; score below top 10% cutoff; volume surge 0.85x < 1.5x,,,,,,,,,,,
COCHINSHIP,False,103.09,market regime filter: Nifty 50 is below its 200-day average — no new entries tonight; fails ★ Recommended fundamental filter; score below top 10% cutoff; volume surge 1.16x < 1.5x,,,,,,,,,,,
OBEROIRLTY,False,103.09,market regime filter: Nifty 50 is below its 200-day average — no new entries tonight; fails ★ Recommended fundamental filter; score below top 10% cutoff; volume surge 0.57x < 1.5x,,,,,,,,,,,
360ONE,False,103.08,market regime filter: Nifty 50 is below its 200-day average — no new entries tonight; fails ★ Recommended fundamental filter; score below top 10% cutoff; volume surge 0.38x < 1.5x,,,,,,,,,,,
POWERINDIA,False,103.06,market regime filter: Nifty 50 is below its 200-day average — no new entries tonight; fails ★ Recommended fundamental filter; score below top 10% cutoff; price below SMA20; price below SMA50; volume surge 0.34x < 1.5x,,,,,,,,,,,
ADANIPOWER,False,102.97,market regime filter: Nifty 50 is below its 200-day average — no new entries tonight; fails ★ Recommended fundamental filter; score below top 10% cutoff; price below SMA50,,,,,,,,,,,
GROWW,False,102.94,market regime filter: Nifty 50 is below its 200-day average — no new entries tonight; fails ★ Recommended fundamental filter; score below top 10% cutoff; price below SMA50; volume surge 0.66x < 1.5x,,,,,,,,,,,
JINDALSTEL,False,102.92,market regime filter: Nifty 50 is below its 200-day average — no new entries tonight; fails ★ Recommended fundamental filter; score below top 10% cutoff; volume surge 1.05x < 1.5x,,,,,,,,,,,
BAJAJFINSV,False,102.92,market regime filter: Nifty 50 is below its 200-day average — no new entries tonight; fails ★ Recommended fundamental filter; score below top 10% cutoff; price below SMA20; volume surge 0.44x < 1.5x,,,,,,,,,,,
PERSISTENT,False,102.89,market regime filter: Nifty 50 is below its 200-day average — no new entries tonight; fails ★ Recommended fundamental filter; score below top 10% cutoff; volume surge 0.38x < 1.5x,,,,,,,,,,,
PIDILITIND,False,102.85,market regime filter: Nifty 50 is below its 200-day average — no new entries tonight; fails ★ Recommended fundamental filter; score below top 10% cutoff; price below SMA20; volume surge 0.61x < 1.5x,,,,,,,,,,,
M&M,False,102.7,market regime filter: Nifty 50 is below its 200-day average — no new entries tonight; fails ★ Recommended fundamental filter; score below top 10% cutoff; price below SMA20; volume surge 0.92x < 1.5x,,,,,,,,,,,
BANKINDIA,False,102.57,market regime filter: Nifty 50 is below its 200-day average — no new entries tonight; fails ★ Recommended fundamental filter; score below top 10% cutoff,,,,,,,,,,,
SBIN,False,102.49,market regime filter: Nifty 50 is below its 200-day average — no new entries tonight; fails ★ Recommended fundamental filter; score below top 10% cutoff; price below SMA20; volume surge 0.47x < 1.5x,,,,,,,,,,,
PNB,False,102.45,market regime filter: Nifty 50 is below its 200-day average — no new entries tonight; fails ★ Recommended fundamental filter; score below top 10% cutoff; price below SMA20; volume surge 0.85x < 1.5x,,,,,,,,,,,
DLF,False,102.25,market regime filter: Nifty 50 is below its 200-day average — no new entries tonight; fails ★ Recommended fundamental filter; score below top 10% cutoff; volume surge 0.56x < 1.5x,,,,,,,,,,,
GVT&D,False,102.19,market regime filter: Nifty 50 is below its 200-day average — no new entries tonight; fails ★ Recommended fundamental filter; score below top 10% cutoff; price below SMA50; volume surge 1.02x < 1.5x,,,,,,,,,,,
INDUSINDBK,False,101.79,market regime filter: Nifty 50 is below its 200-day average — no new entries tonight; fails ★ Recommended fundamental filter; score below top 10% cutoff; price below SMA20; volume surge 0.99x < 1.5x,,,,,,,,,,,
TECHM,False,101.77,market regime filter: Nifty 50 is below its 200-day average — no new entries tonight; fails ★ Recommended fundamental filter; score below top 10% cutoff; price below SMA20; volume surge 0.76x < 1.5x,,,,,,,,,,,
LT,False,101.72,market regime filter: Nifty 50 is below its 200-day average — no new entries tonight; fails ★ Recommended fundamental filter; score below top 10% cutoff; price below SMA20; volume surge 0.93x < 1.5x,,,,,,,,,,,
GODREJPROP,False,101.59,market regime filter: Nifty 50 is below its 200-day average — no new entries tonight; fails ★ Recommended fundamental filter; score below top 10% cutoff,,,,,,,,,,,
CGPOWER,False,101.57,market regime filter: Nifty 50 is below its 200-day average — no new entries tonight; fails ★ Recommended fundamental filter; score below top 10% cutoff; price below SMA50,,,,,,,,,,,
OIL,False,100.95,market regime filter: Nifty 50 is below its 200-day average — no new entries tonight; fails ★ Recommended fundamental filter; score below top 10% cutoff; volume surge 0.49x < 1.5x,,,,,,,,,,,
NMDC,False,100.89,market regime filter: Nifty 50 is below its 200-day average — no new entries tonight; fails ★ Recommended fundamental filter; score below top 10% cutoff; volume surge 0.83x < 1.5x,,,,,,,,,,,
ULTRACEMCO,False,100.82,market regime filter: Nifty 50 is below its 200-day average — no new entries tonight; fails ★ Recommended fundamental filter; score below top 10% cutoff; price below SMA20; volume surge 0.96x < 1.5x,,,,,,,,,,,
INDIGO,False,100.75,market regime filter: Nifty 50 is below its 200-day average — no new entries tonight; fails ★ Recommended fundamental filter; score below top 10% cutoff; price below SMA20; price below SMA50; volume surge 0.69x < 1.5x,,,,,,,,,,,
BEL,False,100.59,market regime filter: Nifty 50 is below its 200-day average — no new entries tonight; fails ★ Recommended fundamental filter; score below top 10% cutoff; volume surge 0.86x < 1.5x,,,,,,,,,,,
NESTLEIND,False,100.28,market regime filter: Nifty 50 is below its 200-day average — no new entries tonight; fails ★ Recommended fundamental filter; score below top 10% cutoff; price below SMA20; price below SMA50; volume surge 0.35x < 1.5x,,,,,,,,,,,
POLYCAB,False,100.26,market regime filter: Nifty 50 is below its 200-day average — no new entries tonight; fails ★ Recommended fundamental filter; score below top 10% cutoff; price below SMA20; price below SMA50; volume surge 0.96x < 1.5x,,,,,,,,,,,
ASTRAL,False,100.04,market regime filter: Nifty 50 is below its 200-day average — no new entries tonight; fails ★ Recommended fundamental filter; score below top 10% cutoff; volume surge 0.35x < 1.5x,,,,,,,,,,,
CONCOR,False,99.97,market regime filter: Nifty 50 is below its 200-day average — no new entries tonight; fails ★ Recommended fundamental filter; score below top 10% cutoff; price below SMA20; volume surge 1.38x < 1.5x,,,,,,,,,,,
BHARATFORG,False,99.88,market regime filter: Nifty 50 is below its 200-day average — no new entries tonight; fails ★ Recommended fundamental filter; score below top 10% cutoff; price below SMA20; price below SMA50; volume surge 1.13x < 1.5x,,,,,,,,,,,
MUTHOOTFIN,False,99.81,market regime filter: Nifty 50 is below its 200-day average — no new entries tonight; fails ★ Recommended fundamental filter; score below top 10% cutoff; volume surge 0.74x < 1.5x,,,,,,,,,,,
MARICO,False,99.77,market regime filter: Nifty 50 is below its 200-day average — no new entries tonight; fails ★ Recommended fundamental filter; score below top 10% cutoff; price below SMA20; price below SMA50; volume surge 1.40x < 1.5x,,,,,,,,,,,
PRESTIGE,False,99.74,market regime filter: Nifty 50 is below its 200-day average — no new entries tonight; fails ★ Recommended fundamental filter; score below top 10% cutoff; price below SMA50; volume surge 0.73x < 1.5x,,,,,,,,,,,
ENRIN,False,99.73,market regime filter: Nifty 50 is below its 200-day average — no new entries tonight; fails ★ Recommended fundamental filter; score below top 10% cutoff; price below SMA20; price below SMA50; volume surge 0.70x < 1.5x,,,,,,,,,,,
MFSL,False,99.54,market regime filter: Nifty 50 is below its 200-day average — no new entries tonight; fails ★ Recommended fundamental filter; score below top 10% cutoff; volume surge 0.24x < 1.5x,,,,,,,,,,,
ADANIPORTS,False,99.52,market regime filter: Nifty 50 is below its 200-day average — no new entries tonight; fails ★ Recommended fundamental filter; score below top 10% cutoff; price below SMA50; volume surge 1.12x < 1.5x,,,,,,,,,,,
MPHASIS,False,99.45,market regime filter: Nifty 50 is below its 200-day average — no new entries tonight; fails ★ Recommended fundamental filter; score below top 10% cutoff; price below SMA20; volume surge 0.84x < 1.5x,,,,,,,,,,,
INDHOTEL,False,99.39,market regime filter: Nifty 50 is below its 200-day average — no new entries tonight; fails ★ Recommended fundamental filter; score below top 10% cutoff; price below SMA20; price below SMA50; volume surge 0.62x < 1.5x,,,,,,,,,,,
BSE,False,99.33,market regime filter: Nifty 50 is below its 200-day average — no new entries tonight; fails ★ Recommended fundamental filter; score below top 10% cutoff; price below SMA20; price below SMA50; volume surge 0.55x < 1.5x,,,,,,,,,,,
PHOENIXLTD,False,99.23,market regime filter: Nifty 50 is below its 200-day average — no new entries tonight; fails ★ Recommended fundamental filter; score below top 10% cutoff; price below SMA20; price below SMA50; volume surge 1.25x < 1.5x,,,,,,,,,,,
CANBK,False,99.22,market regime filter: Nifty 50 is below its 200-day average — no new entries tonight; fails ★ Recommended fundamental filter; score below top 10% cutoff; price below SMA20; volume surge 0.73x < 1.5x,,,,,,,,,,,
LICHSGFIN,False,99.21,market regime filter: Nifty 50 is below its 200-day average — no new entries tonight; fails ★ Recommended fundamental filter; score below top 10% cutoff,,,,,,,,,,,
MRF,False,99.2,market regime filter: Nifty 50 is below its 200-day average — no new entries tonight; fails ★ Recommended fundamental filter; score below top 10% cutoff; volume surge 0.43x < 1.5x,,,,,,,,,,,
SUNPHARMA,False,99.19,market regime filter: Nifty 50 is below its 200-day average — no new entries tonight; fails ★ Recommended fundamental filter; score below top 10% cutoff; price below SMA20; price below SMA50; volume surge 0.59x < 1.5x,,,,,,,,,,,
GODFRYPHLP,False,99.12,market regime filter: Nifty 50 is below its 200-day average — no new entries tonight; fails ★ Recommended fundamental filter; score below top 10% cutoff; price below SMA20; volume surge 0.70x < 1.5x,,,,,,,,,,,
BIOCON,False,99.05,market regime filter: Nifty 50 is below its 200-day average — no new entries tonight; fails ★ Recommended fundamental filter; score below top 10% cutoff; price below SMA20; price below SMA50; volume surge 0.53x < 1.5x,,,,,,,,,,,
CUMMINSIND,False,98.84,market regime filter: Nifty 50 is below its 200-day average — no new entries tonight; fails ★ Recommended fundamental filter; score below top 10% cutoff; price below SMA20; price below SMA50; volume surge 1.44x < 1.5x,,,,,,,,,,,
PREMIERENE,False,98.7,market regime filter: Nifty 50 is below its 200-day average — no new entries tonight; fails ★ Recommended fundamental filter; score below top 10% cutoff; price below SMA20; price below SMA50; volume surge 1.41x < 1.5x,,,,,,,,,,,
LTM,False,98.61,market regime filter: Nifty 50 is below its 200-day average — no new entries tonight; fails ★ Recommended fundamental filter; score below top 10% cutoff; price below SMA20; volume surge 0.43x < 1.5x,,,,,,,,,,,
BPCL,False,98.37,market regime filter: Nifty 50 is below its 200-day average — no new entries tonight; fails ★ Recommended fundamental filter; score below top 10% cutoff; volume surge 0.92x < 1.5x,,,,,,,,,,,
YESBANK,False,98.32,market regime filter: Nifty 50 is below its 200-day average — no new entries tonight; fails ★ Recommended fundamental filter; score below top 10% cutoff; price below SMA20; price below SMA50; volume surge 0.92x < 1.5x,,,,,,,,,,,
MANKIND,False,98.0,market regime filter: Nifty 50 is below its 200-day average — no new entries tonight; fails ★ Recommended fundamental filter; score below top 10% cutoff; price below SMA50; volume surge 0.69x < 1.5x,,,,,,,,,,,
GAIL,False,97.99,market regime filter: Nifty 50 is below its 200-day average — no new entries tonight; fails ★ Recommended fundamental filter; score below top 10% cutoff; price below SMA20; price below SMA50; volume surge 0.41x < 1.5x,,,,,,,,,,,
ATGL,False,97.93,market regime filter: Nifty 50 is below its 200-day average — no new entries tonight; fails ★ Recommended fundamental filter; score below top 10% cutoff; price below SMA20; price below SMA50; volume surge 0.74x < 1.5x,,,,,,,,,,,
ASIANPAINT,False,97.86,market regime filter: Nifty 50 is below its 200-day average — no new entries tonight; fails ★ Recommended fundamental filter; score below top 10% cutoff; price below SMA20; price below SMA50; volume surge 0.77x < 1.5x,,,,,,,,,,,
CIPLA,False,97.82,market regime filter: Nifty 50 is below its 200-day average — no new entries tonight; fails ★ Recommended fundamental filter; score below top 10% cutoff; price below SMA20; price below SMA50; volume surge 0.67x < 1.5x,,,,,,,,,,,
TIINDIA,False,97.82,market regime filter: Nifty 50 is below its 200-day average — no new entries tonight; fails ★ Recommended fundamental filter; score below top 10% cutoff; price below SMA50; volume surge 0.28x < 1.5x,,,,,,,,,,,
SBICARD,False,97.78,market regime filter: Nifty 50 is below its 200-day average — no new entries tonight; fails ★ Recommended fundamental filter; score below top 10% cutoff; volume surge 1.21x < 1.5x,,,,,,,,,,,
ADANIGREEN,False,97.71,market regime filter: Nifty 50 is below its 200-day average — no new entries tonight; fails ★ Recommended fundamental filter; score below top 10% cutoff; price below SMA20; price below SMA50,,,,,,,,,,,
SWIGGY,False,97.69,market regime filter: Nifty 50 is below its 200-day average — no new entries tonight; fails ★ Recommended fundamental filter; score below top 10% cutoff; volume surge 0.57x < 1.5x,,,,,,,,,,,
SUPREMEIND,False,97.46,market regime filter: Nifty 50 is below its 200-day average — no new entries tonight; fails ★ Recommended fundamental filter; score below top 10% cutoff; volume surge 0.92x < 1.5x,,,,,,,,,,,
ICICIAMC,False,97.36,market regime filter: Nifty 50 is below its 200-day average — no new entries tonight; fails ★ Recommended fundamental filter; score below top 10% cutoff; price below SMA20; price below SMA50,,,,,,,,,,,
JSWENERGY,False,97.35,market regime filter: Nifty 50 is below its 200-day average — no new entries tonight; fails ★ Recommended fundamental filter; score below top 10% cutoff; price below SMA20; price below SMA50,,,,,,,,,,,
HCLTECH,False,96.8,market regime filter: Nifty 50 is below its 200-day average — no new entries tonight; fails ★ Recommended fundamental filter; score below top 10% cutoff; price below SMA20; volume surge 1.03x < 1.5x,,,,,,,,,,,
HAVELLS,False,96.8,market regime filter: Nifty 50 is below its 200-day average — no new entries tonight; fails ★ Recommended fundamental filter; score below top 10% cutoff; price below SMA20; volume surge 0.75x < 1.5x,,,,,,,,,,,
FORTIS,False,96.78,market regime filter: Nifty 50 is below its 200-day average — no new entries tonight; fails ★ Recommended fundamental filter; score below top 10% cutoff; price below SMA20; price below SMA50; volume surge 0.38x < 1.5x,,,,,,,,,,,
HDFCAMC,False,96.74,market regime filter: Nifty 50 is below its 200-day average — no new entries tonight; fails ★ Recommended fundamental filter; score below top 10% cutoff; price below SMA50,,,,,,,,,,,
BHARTIARTL,False,96.53,market regime filter: Nifty 50 is below its 200-day average — no new entries tonight; fails ★ Recommended fundamental filter; score below top 10% cutoff; price below SMA20; price below SMA50; volume surge 1.34x < 1.5x,,,,,,,,,,,
MARUTI,False,96.48,market regime filter: Nifty 50 is below its 200-day average — no new entries tonight; fails ★ Recommended fundamental filter; score below top 10% cutoff; price below SMA20; price below SMA50; volume surge 0.96x < 1.5x,,,,,,,,,,,
AXISBANK,False,95.98,market regime filter: Nifty 50 is below its 200-day average — no new entries tonight; fails ★ Recommended fundamental filter; score below top 10% cutoff; price below SMA50; volume surge 1.40x < 1.5x,,,,,,,,,,,
TATASTEEL,False,95.78,market regime filter: Nifty 50 is below its 200-day average — no new entries tonight; fails ★ Recommended fundamental filter; score below top 10% cutoff; price below SMA20; price below SMA50,,,,,,,,,,,
COROMANDEL,False,95.69,market regime filter: Nifty 50 is below its 200-day average — no new entries tonight; fails ★ Recommended fundamental filter; score below top 10% cutoff; price below SMA20; price below SMA50,,,,,,,,,,,
SRF,False,95.64,market regime filter: Nifty 50 is below its 200-day average — no new entries tonight; fails ★ Recommended fundamental filter; score below top 10% cutoff; price below SMA20; price below SMA50; volume surge 0.80x < 1.5x,,,,,,,,,,,
NHPC,False,95.54,market regime filter: Nifty 50 is below its 200-day average — no new entries tonight; fails ★ Recommended fundamental filter; score below top 10% cutoff; price below SMA20; price below SMA50; volume surge 0.79x < 1.5x,,,,,,,,,,,
INDUSTOWER,False,95.45,market regime filter: Nifty 50 is below its 200-day average — no new entries tonight; fails ★ Recommended fundamental filter; score below top 10% cutoff; price below SMA50,,,,,,,,,,,
DMART,False,95.43,market regime filter: Nifty 50 is below its 200-day average — no new entries tonight; fails ★ Recommended fundamental filter; score below top 10% cutoff; price below SMA20; price below SMA50; volume surge 0.89x < 1.5x,,,,,,,,,,,
HINDPETRO,False,95.37,market regime filter: Nifty 50 is below its 200-day average — no new entries tonight; fails ★ Recommended fundamental filter; score below top 10% cutoff; price below SMA20; price below SMA50; volume surge 0.68x < 1.5x,,,,,,,,,,,
RELIANCE,False,95.36,market regime filter: Nifty 50 is below its 200-day average — no new entries tonight; fails ★ Recommended fundamental filter; score below top 10% cutoff; price below SMA20; price below SMA50; volume surge 1.12x < 1.5x,,,,,,,,,,,
GMRAIRPORT,False,95.14,market regime filter: Nifty 50 is below its 200-day average — no new entries tonight; fails ★ Recommended fundamental filter; score below top 10% cutoff; price below SMA20; price below SMA50; volume surge 0.71x < 1.5x,,,,,,,,,,,
BRITANNIA,False,95.1,market regime filter: Nifty 50 is below its 200-day average — no new entries tonight; fails ★ Recommended fundamental filter; score below top 10% cutoff; price below SMA20; price below SMA50; volume surge 0.34x < 1.5x,,,,,,,,,,,
INFY,False,94.85,market regime filter: Nifty 50 is below its 200-day average — no new entries tonight; fails ★ Recommended fundamental filter; score below top 10% cutoff; price below SMA20; volume surge 0.84x < 1.5x,,,,,,,,,,,
DRREDDY,False,94.79,market regime filter: Nifty 50 is below its 200-day average — no new entries tonight; fails ★ Recommended fundamental filter; score below top 10% cutoff; price below SMA20; price below SMA50; volume surge 0.60x < 1.5x,,,,,,,,,,,
IOC,False,94.64,market regime filter: Nifty 50 is below its 200-day average — no new entries tonight; fails ★ Recommended fundamental filter; score below top 10% cutoff; price below SMA20; price below SMA50; volume surge 0.73x < 1.5x,,,,,,,,,,,
COALINDIA,False,94.6,market regime filter: Nifty 50 is below its 200-day average — no new entries tonight; fails ★ Recommended fundamental filter; score below top 10% cutoff; price below SMA20; price below SMA50; volume surge 0.74x < 1.5x,,,,,,,,,,,
SBILIFE,False,94.45,market regime filter: Nifty 50 is below its 200-day average — no new entries tonight; fails ★ Recommended fundamental filter; score below top 10% cutoff; price below SMA20; price below SMA50; volume surge 1.14x < 1.5x,,,,,,,,,,,
VMM,False,94.42,market regime filter: Nifty 50 is below its 200-day average — no new entries tonight; fails ★ Recommended fundamental filter; score below top 10% cutoff; price below SMA20; price below SMA50; volume surge 0.45x < 1.5x,,,,,,,,,,,
TRENT,False,94.41,market regime filter: Nifty 50 is below its 200-day average — no new entries tonight; fails ★ Recommended fundamental filter; score below top 10% cutoff; price below SMA20; price below SMA50; volume surge 0.58x < 1.5x,,,,,,,,,,,
LUPIN,False,94.31,market regime filter: Nifty 50 is below its 200-day average — no new entries tonight; fails ★ Recommended fundamental filter; score below top 10% cutoff; price below SMA20; price below SMA50; volume surge 1.09x < 1.5x,,,,,,,,,,,
ALKEM,False,94.3,market regime filter: Nifty 50 is below its 200-day average — no new entries tonight; fails ★ Recommended fundamental filter; score below top 10% cutoff; price below SMA20; price below SMA50; volume surge 0.34x < 1.5x,,,,,,,,,,,
TATAINVEST,False,94.29,market regime filter: Nifty 50 is below its 200-day average — no new entries tonight; fails ★ Recommended fundamental filter; score below top 10% cutoff; price below SMA20; price below SMA50; volume surge 0.41x < 1.5x,,,,,,,,,,,
TATACONSUM,False,94.28,market regime filter: Nifty 50 is below its 200-day average — no new entries tonight; fails ★ Recommended fundamental filter; score below top 10% cutoff; price below SMA20; price below SMA50; volume surge 0.76x < 1.5x,,,,,,,,,,,
MAXHEALTH,False,94.18,market regime filter: Nifty 50 is below its 200-day average — no new entries tonight; fails ★ Recommended fundamental filter; score below top 10% cutoff; price below SMA20; price below SMA50; volume surge 0.69x < 1.5x,,,,,,,,,,,
UPL,False,94.16,market regime filter: Nifty 50 is below its 200-day average — no new entries tonight; fails ★ Recommended fundamental filter; score below top 10% cutoff; price below SMA50; volume surge 0.59x < 1.5x,,,,,,,,,,,
BANKBARODA,False,94.06,market regime filter: Nifty 50 is below its 200-day average — no new entries tonight; fails ★ Recommended fundamental filter; score below top 10% cutoff; price below SMA20; price below SMA50; volume surge 0.58x < 1.5x,,,,,,,,,,,
JIOFIN,False,93.91,market regime filter: Nifty 50 is below its 200-day average — no new entries tonight; fails ★ Recommended fundamental filter; score below top 10% cutoff; price below SMA20; price below SMA50; volume surge 0.48x < 1.5x,,,,,,,,,,,
TCS,False,93.85,market regime filter: Nifty 50 is below its 200-day average — no new entries tonight; fails ★ Recommended fundamental filter; score below top 10% cutoff; price below SMA20; volume surge 0.62x < 1.5x,,,,,,,,,,,
SHREECEM,False,93.85,market regime filter: Nifty 50 is below its 200-day average — no new entries tonight; fails ★ Recommended fundamental filter; score below top 10% cutoff; price below SMA20; price below SMA50; volume surge 0.42x < 1.5x,,,,,,,,,,,
HINDUNILVR,False,93.76,market regime filter: Nifty 50 is below its 200-day average — no new entries tonight; fails ★ Recommended fundamental filter; score below top 10% cutoff; price below SMA20; price below SMA50; volume surge 0.63x < 1.5x,,,,,,,,,,,
HUDCO,False,93.74,market regime filter: Nifty 50 is below its 200-day average — no new entries tonight; fails ★ Recommended fundamental filter; score below top 10% cutoff; price below SMA20; price below SMA50; volume surge 0.84x < 1.5x,,,,,,,,,,,
TATACOMM,False,93.59,market regime filter: Nifty 50 is below its 200-day average — no new entries tonight; fails ★ Recommended fundamental filter; score below top 10% cutoff; price below SMA20; price below SMA50; volume surge 1.28x < 1.5x,,,,,,,,,,,
SUZLON,False,93.57,market regime filter: Nifty 50 is below its 200-day average — no new entries tonight; fails ★ Recommended fundamental filter; score below top 10% cutoff; price below SMA20; price below SMA50; volume surge 0.55x < 1.5x,,,,,,,,,,,
ONGC,False,93.47,market regime filter: Nifty 50 is below its 200-day average — no new entries tonight; fails ★ Recommended fundamental filter; score below top 10% cutoff; price below SMA20; price below SMA50; volume surge 0.90x < 1.5x,,,,,,,,,,,
WAAREEENER,False,93.32,market regime filter: Nifty 50 is below its 200-day average — no new entries tonight; fails ★ Recommended fundamental filter; score below top 10% cutoff; price below SMA20; price below SMA50; volume surge 0.68x < 1.5x,,,,,,,,,,,
IREDA,False,93.03,market regime filter: Nifty 50 is below its 200-day average — no new entries tonight; fails ★ Recommended fundamental filter; score below top 10% cutoff; price below SMA20; price below SMA50; volume surge 0.77x < 1.5x,,,,,,,,,,,
POWERGRID,False,93.01,market regime filter: Nifty 50 is below its 200-day average — no new entries tonight; fails ★ Recommended fundamental filter; score below top 10% cutoff; price below SMA20; price below SMA50; volume surge 0.83x < 1.5x,,,,,,,,,,,
PAGEIND,False,92.83,market regime filter: Nifty 50 is below its 200-day average — no new entries tonight; fails ★ Recommended fundamental filter; score below top 10% cutoff; price below SMA20; price below SMA50; volume surge 0.66x < 1.5x,,,,,,,,,,,
HDFCBANK,False,92.77,market regime filter: Nifty 50 is below its 200-day average — no new entries tonight; fails ★ Recommended fundamental filter; score below top 10% cutoff; price below SMA20; price below SMA50,,,,,,,,,,,
NTPC,False,92.69,market regime filter: Nifty 50 is below its 200-day average — no new entries tonight; fails ★ Recommended fundamental filter; score below top 10% cutoff; price below SMA20; price below SMA50,,,,,,,,,,,
HDFCLIFE,False,92.5,market regime filter: Nifty 50 is below its 200-day average — no new entries tonight; fails ★ Recommended fundamental filter; score below top 10% cutoff; price below SMA50; volume surge 0.70x < 1.5x,,,,,,,,,,,
VOLTAS,False,92.42,market regime filter: Nifty 50 is below its 200-day average — no new entries tonight; fails ★ Recommended fundamental filter; score below top 10% cutoff; price below SMA20; price below SMA50; volume surge 0.79x < 1.5x,,,,,,,,,,,
TATAPOWER,False,92.19,market regime filter: Nifty 50 is below its 200-day average — no new entries tonight; fails ★ Recommended fundamental filter; score below top 10% cutoff; price below SMA20; price below SMA50,,,,,,,,,,,
ICICIGI,False,92.09,market regime filter: Nifty 50 is below its 200-day average — no new entries tonight; fails ★ Recommended fundamental filter; score below top 10% cutoff; price below SMA20; price below SMA50; volume surge 0.84x < 1.5x,,,,,,,,,,,
RECLTD,False,91.99,market regime filter: Nifty 50 is below its 200-day average — no new entries tonight; fails ★ Recommended fundamental filter; score below top 10% cutoff; price below SMA20; price below SMA50; volume surge 1.05x < 1.5x,,,,,,,,,,,
WIPRO,False,91.95,market regime filter: Nifty 50 is below its 200-day average — no new entries tonight; fails ★ Recommended fundamental filter; score below top 10% cutoff; price below SMA20; price below SMA50; volume surge 0.57x < 1.5x,,,,,,,,,,,
AMBUJACEM,False,91.88,market regime filter: Nifty 50 is below its 200-day average — no new entries tonight; fails ★ Recommended fundamental filter; score below top 10% cutoff; price below SMA20; price below SMA50; volume surge 0.39x < 1.5x,,,,,,,,,,,
BLUESTARCO,False,91.84,market regime filter: Nifty 50 is below its 200-day average — no new entries tonight; fails ★ Recommended fundamental filter; score below top 10% cutoff; price below SMA20; price below SMA50; volume surge 0.41x < 1.5x,,,,,,,,,,,
IRCTC,False,91.83,market regime filter: Nifty 50 is below its 200-day average — no new entries tonight; fails ★ Recommended fundamental filter; score below top 10% cutoff; price below SMA20; price below SMA50; volume surge 0.59x < 1.5x,,,,,,,,,,,
VBL,False,91.7,market regime filter: Nifty 50 is below its 200-day average — no new entries tonight; fails ★ Recommended fundamental filter; score below top 10% cutoff; price below SMA20; price below SMA50,,,,,,,,,,,
TATAELXSI,False,91.49,market regime filter: Nifty 50 is below its 200-day average — no new entries tonight; fails ★ Recommended fundamental filter; score below top 10% cutoff; price below SMA20; price below SMA50; volume surge 0.49x < 1.5x,,,,,,,,,,,
IRFC,False,91.33,market regime filter: Nifty 50 is below its 200-day average — no new entries tonight; fails ★ Recommended fundamental filter; score below top 10% cutoff; price below SMA20; price below SMA50; volume surge 1.00x < 1.5x,,,,,,,,,,,
ITC,False,91.0,market regime filter: Nifty 50 is below its 200-day average — no new entries tonight; fails ★ Recommended fundamental filter; score below top 10% cutoff; price below SMA20; price below SMA50; volume surge 0.64x < 1.5x,,,,,,,,,,,
RVNL,False,90.87,market regime filter: Nifty 50 is below its 200-day average — no new entries tonight; fails ★ Recommended fundamental filter; score below top 10% cutoff; price below SMA20; price below SMA50; volume surge 1.05x < 1.5x,,,,,,,,,,,
TMPV,False,90.8,market regime filter: Nifty 50 is below its 200-day average — no new entries tonight; fails ★ Recommended fundamental filter; score below top 10% cutoff; price below SMA20; price below SMA50; volume surge 0.82x < 1.5x,,,,,,,,,,,
PFC,False,90.76,market regime filter: Nifty 50 is below its 200-day average — no new entries tonight; fails ★ Recommended fundamental filter; score below top 10% cutoff; price below SMA20; price below SMA50; volume surge 1.42x < 1.5x,,,,,,,,,,,
DABUR,False,90.7,market regime filter: Nifty 50 is below its 200-day average — no new entries tonight; fails ★ Recommended fundamental filter; score below top 10% cutoff; price below SMA20; price below SMA50; volume surge 0.71x < 1.5x,,,,,,,,,,,
GODREJCP,False,90.55,market regime filter: Nifty 50 is below its 200-day average — no new entries tonight; fails ★ Recommended fundamental filter; score below top 10% cutoff; price below SMA20; price below SMA50; volume surge 0.50x < 1.5x,,,,,,,,,,,
COLPAL,False,90.14,market regime filter: Nifty 50 is below its 200-day average — no new entries tonight; fails ★ Recommended fundamental filter; score below top 10% cutoff; price below SMA20; price below SMA50; volume surge 0.89x < 1.5x,,,,,,,,,,,
PIIND,False,90.04,market regime filter: Nifty 50 is below its 200-day average — no new entries tonight; fails ★ Recommended fundamental filter; score below top 10% cutoff; price below SMA20; price below SMA50; volume surge 0.36x < 1.5x,,,,,,,,,,,
PATANJALI,False,90.03,market regime filter: Nifty 50 is below its 200-day average — no new entries tonight; fails ★ Recommended fundamental filter; score below top 10% cutoff; price below SMA20; price below SMA50; volume surge 0.53x < 1.5x,,,,,,,,,,,
KPITTECH,False,89.27,market regime filter: Nifty 50 is below its 200-day average — no new entries tonight; fails ★ Recommended fundamental filter; score below top 10% cutoff; price below SMA20; price below SMA50; volume surge 0.58x < 1.5x,,,,,,,,,,,
